{"cameraMode":{"drawMode":2,"name":"Shaded Wireframe","section":"Shading Mode"},"sceneLighting":true,"audioPlay":false,"sceneViewState":{"showFog":true,"showMaterialUpdate":false,"showSkybox":true,"showFlares":true,"showImageEffects":true,"showParticleSystems":true},"in2DMode":false,"pivot":{"x":-26.068737030029298,"y":-12.371505737304688,"z":-51.40514373779297},"rotation":{"x":0.49454349279403689,"y":0.3715292811393738,"z":-0.24630577862262727,"w":0.746210515499115},"size":31.348548889160158,"orthographic":false}