{"cameraMode":{"drawMode":2,"name":"Shaded Wireframe","section":"Shading Mode"},"sceneLighting":true,"audioPlay":false,"sceneViewState":{"showFog":true,"showMaterialUpdate":false,"showSkybox":true,"showFlares":true,"showImageEffects":true,"showParticleSystems":true},"in2DMode":false,"pivot":{"x":1.334975242614746,"y":6.092960834503174,"z":0.38362693786621096},"rotation":{"x":0.03286398574709892,"y":-0.3309514820575714,"z":0.011455662548542023,"w":0.9430594444274902},"size":10.988609313964844,"orthographic":false}