{"cameraMode":{"drawMode":2,"name":"Shaded Wireframe","section":"Shading Mode"},"sceneLighting":false,"audioPlay":false,"sceneViewState":{"showFog":true,"showMaterialUpdate":false,"showSkybox":false,"showFlares":true,"showImageEffects":true,"showParticleSystems":true},"in2DMode":false,"pivot":{"x":68.67500305175781,"y":8.90587043762207,"z":-52.941383361816409},"rotation":{"x":-0.018709741532802583,"y":-0.9639016389846802,"z":-0.07069581747055054,"w":0.2562105059623718},"size":0.8040888905525208,"orthographic":false}