{"cameraMode":{"drawMode":2,"name":"Shaded Wireframe","section":"Shading Mode"},"sceneLighting":false,"audioPlay":false,"sceneViewState":{"showFog":true,"showMaterialUpdate":false,"showSkybox":false,"showFlares":true,"showImageEffects":true,"showParticleSystems":true},"in2DMode":false,"pivot":{"x":-0.12934505939483643,"y":0.20374630391597749,"z":0.1942434310913086},"rotation":{"x":-0.004016130231320858,"y":-0.269636332988739,"z":-0.001202662824653089,"w":0.963005542755127},"size":0.6038776636123657,"orthographic":false}