{"cameraMode":{"drawMode":2,"name":"Shaded Wireframe","section":"Shading Mode"},"sceneLighting":true,"audioPlay":false,"sceneViewState":{"showFog":true,"showMaterialUpdate":false,"showSkybox":true,"showFlares":true,"showImageEffects":true,"showParticleSystems":true},"in2DMode":false,"pivot":{"x":-20.017459869384767,"y":28.22414779663086,"z":-21.79830551147461},"rotation":{"x":0.26982033252716067,"y":-0.579352617263794,"z":0.21133658289909364,"w":0.7395758628845215},"size":4.933712959289551,"orthographic":false}