{"cameraMode":{"drawMode":2,"name":"Shaded Wireframe","section":"Shading Mode"},"sceneLighting":true,"audioPlay":false,"sceneViewState":{"showFog":true,"showMaterialUpdate":false,"showSkybox":true,"showFlares":true,"showImageEffects":true,"showParticleSystems":true},"in2DMode":false,"pivot":{"x":-46.00313949584961,"y":-26.3630428314209,"z":-34.351871490478519},"rotation":{"x":0.5394724011421204,"y":-0.03410150110721588,"z":0.02183464542031288,"w":0.8410770893096924},"size":90.24430847167969,"orthographic":false}